<xml xmlns:o="urn:schemas-microsoft-com:office:office">
 <o:MainFile
  HRef="../FW%20Important%20Talent%20Assessor%20Community%20(TAC)%20Updates-%20Critical%20.htm"/>
 <o:File HRef="themedata.thmx"/>
 <o:File HRef="colorschememapping.xml"/>
 <o:File HRef="image001.jpg"/>
 <o:File HRef="image002.png"/>
 <o:File HRef="image003.gif"/>
 <o:File HRef="image004.png"/>
 <o:File HRef="image005.gif"/>
 <o:File HRef="image006.png"/>
 <o:File HRef="image007.gif"/>
 <o:File HRef="image008.png"/>
 <o:File HRef="image009.gif"/>
 <o:File HRef="image010.png"/>
 <o:File HRef="image011.gif"/>
 <o:File HRef="filelist.xml"/>
</xml>